Schulerzahl,,_1,_2,_3,_4,_5,_6,_7,_8,_9,_10,_11,_12,_13,_14,_15,_16,_17,_18,"Liidenscheid,",KLD323,_19,_20,_21,_22,GG,Otfried-,Preubler-Schule,131635,vom,2i-,08.,2023,—,Otfried-Preufler-Schule,31.08.2023,Otfried-PreuBler-Schule
GG,oetiiets,"""Preubler-",Schule,131635,vom,31.08.2023,,,,,,,,,,,,,,,,,,,,,,,,,,,,,,,
"Liidenscheid,",,,,,,,,,,,,,,,,,,,,,,,,,,,,,,,,,,,,,
a,ine,M,|,Schul,KL-,|,Org.-,Intensivpad.,|,Ref.-,ii,Aus!,,,,,,,,,,,,,,,,,,,,,,,,,
_,__glied.,|,art,(fener,__|,Férd.,SBH,|,pad-,zah,,,,,,,,,,,,,,,,,,,,,,,,,,,
h,[RK,4,Et,:,_,,,,,,,,,,,,,,,,,,,,,,,,,,,,,,,,
Herkunft,der,Betreuung,Ausland.,,,,,,,,,,,,,,,,,,,,,,,,,,,,,,,,,,
Schiler/Schilerinnen,_,ee,|,Schii,efinnen,,,,,,,,,,,,,,,,,,,,,,,,,,,,,,,,
Schul-|,Schul-),Art,|,Schilerzahl,|,Art,‘[Telinehmer,|,Staat,|,Schiiler-,,,,,,,,,,,,,,,,,,,,,,,,,,
hummer,_|insg.,Ausl.,_|,zusammen,_|_angeh.,|,___,zahl,,,,,,,,,,,,,,,,,,,,,,,,,,,,,
131635.,_16|,2/0,[16,[273,[,cl,,,,,,,,,,,,,,,,,,,,,,,,,,,,,,,
8,41,1,,,,,,,,,,,,,,,,,,,,,,,,,,,,,,,,,,,
Jahrgange,,,,,,,,,,,,,,,,,,,,,,,,,,,,,,,,,,,,,
zusammenzahlen,,,,,,,,,,,,,,,,,,,,,,,,,,,,,,,,,,,,,
Org.-,|,Jg,|FSP1,FSP2,|,Intensivpad.,é,Lehrer-,|,Schiller],Ausl.-,|,,,,,,,,,,,,,,,,,,,,,,,,,
Férd.SBH,pad-,|,kurzb.|,——sinsg.|,_—_zahl,,,,,,,,,,,,,,,,,,,,,,,,,,,,,,,,
en,eee,—,4,4,1),,,,,,,,,,,,,,,,,,,,,,,,,,,,,,,,
|,Ww,0},0),,,,,,,,,,,,,,,,,,,,,,,,,,,,,,,,,,
Betreuung,Ausland.,,,,,,,,,,,,,,,,,,,,,,,,,,,,,,,,,,,,
chiiler/Schiilerin,|,Schiller/innen,-,,,,,,,,,,,,,,,,,,,,,,,,,,,,,,,,,,
Schul-,|,Schul-|,Art.,Schiilerzahl,|,Art,Teilnehmer,|,Staats-|,|,Schiiler-,,,,,,,,,,,,,,,,,,,,,,,,,,
_nummer,|,_,form,_insg.,Ausl.,|,zusammen,|,angeh.|,zahl,,,,,,,,,,,,,,,,,,,,,,,,,,,
fF,|,EG],04),zl,"1,",1/0,1,166,|,Zz),1,,,,,,,,,,,,,,,,,,,,,,,,,,
a,wi,0),oO,wi,0),,,,,,,,,,,,,,,,,,,,,,,,,,,,,,,,
_,Wohnort,der,Schiiler/Schiilerinnen,,,,,,,,,,,,,,,,,,,,,,,,,,,,,,,,,,
|,Postleitzah!,|,Wohnort,_{,Senoleceat,,,,,,,,,,,,,,,,,,,,,,,,,,,,,,,,
8:,"—""",1],,,,,,,,,,,,,,,,,,,,,,,,,,,,,,,,,,,
Geb.|,Staats-|,Schiiler-|,Schiller-,|,,,,,,,,,,,,,,,,,,,,,,,,,,,,,,,,,
Jahr,|,ang.|,insg,|,aa,,,,,,,,,,,,,,,,,,,,,,,,,,,,,,,,
a,|_2016|,166],4),".®.,©+;»O",,,,,,,,,,,,,,,,,,,,,,,,,,,,,,,,,
Adr,|,Jg,P,TKM,|Schul,|KL-,|,Org.-,|,Jg,|FSP1,FSP2,|,Intensivpad.,|,Ref.-,Lehrer-,Schiler,Ausl.-,,,,,,,,,,,,,,,,,,
glied.,art,Fr,_Férd.,SBH,|,pad-,|,_kurzb./_|__insg.,,,,,,,,,,,,,,,,,,,,,,,,,,,,,
A,[ge,{a,[o3,|,T,_,“iz,,,,,,,,,,,,,,,,,,,,,,,,,,,,,,
=,sallis,Z,J,oe,aes,-,Ww,,,,,,,,,,,,,,,,,,,,,,,,,,,,,,
Herkunft,der,|,Ausland.,,,,,,,,,,,,,,,,,,,,,,,,,,,,,,,,,,
Schiiler/Schilerinnen,ee,__,Schiller/i,,,,,,,,,,,,,,,,,,,,,,,,,,,,,,,,,,
Schul-,|,Schul-|,Art,Schiilerzahl,|,Art,|,Teilnehmer,,,,,,,,,,,,,,,,,,,,,,,,,,,,,
nummer,|,form,|,insg.,Ausl.,|,|,zusammen,|,ar,,,,,,,,,,,,,,,,,,,,,,,,,,,
131635|,ES|,51/,z|,8|,oO,,,,,,,,,,,,,,,,,,,,,,,,,,,,,,,,
re,ee,ee,ee,0,,,,,,,,,,,,,,,,,,,,,,,,,,,,,,,,,
|,Postleitzahl,|,Wohnort,,,,,,,,,,,,,,,,,,,,,,,,,,,,,,,,,,
58507,|,Ludenscheid,,,,,,,,,,,,,,,,,,,,,,,,,,,,,,,,,,,
58513,|,Liidenscheid,,,,,,,,,,,,,,,,,,,,,,,,,,,,,,,,,,,
Altersstruktur,aller,Sct,,,,,,,,,,,,,,,,,,,,,,,,,,,,,,,,,,,
Geb.,Staats-|,Schill,Schiiler-,,,,,,,,,,,,,,,,,,,,,,,,,,,,,,,,,,
_Jahr),ang.|,insg,|,weibl.,,,,,,,,,,,,,,,,,,,,,,,,,,,,,,,,,
2016,ew,18,1,,,,,,,,,,,,,,,,,,,,,,,,,,,,,,,,,,
2017,eee,es,4),,,,,,,,,,,,,,,,,,,,,,,,,,,,,,,,,,
Seite,1,,,,,,,,,,,,,,,,,,,,,,,,,,,,,,,,,,,,
,Otfried-PreuBler-Schule,131635,vom,31.08.2023,,,,,,,,,,,,,,,,GG,,,,,,,,,,,,,,,,,
,i,,,,,,,,,,,,,,,,,,,eacgenell,,,,,,,,,,,,,,,,,
,|,Jg,aid,-,a,ie,,,,,,,,,,,,,,Adr,,,,,,,,,,,,,,,,,
,Herkunft,der,,,,,,,,,,,,,,,,,,|,,,,,,,,,,,,,,,,,
,|,FSP2,|,Intensivpad.,|,Ref.-,Lehrer-|,|,Schiller,|,,,,,,,,,,FSP1,,,,,,,,,,,,,,,,,
,Férd.,SBH_,|,pad-,|,_skurzb.,|,|,insg.,,,,,,,,,,,__|,,,,,,,,,,,,,,,,,
,"rn,",Iz,=,2,-,,,,,,,,,,,,,,,-,,,,,,,,,,,,,,,,,
,Ausland.,.,.,.,,,,,,,,,,,,,,,,Betreuung,,,,,,,,,,,,,,,,,
,Hier,endet,die,"1A,",Schillerzahlen,,,,,,,,,,,,,,,Schiiler/innen,,,,,,,,,,,,,,,,,
,Sch,zusammen,addieren,und,nach,,,,,,,,,,,,,,,Teilnehmer,,,,,,,,,,,,,,,,,
,zusammen,Jahrgangen,aufteilen!!!,,,,,,,,,,,,,,,,,_|,,,,,,,,,,,,,,,,,
,,,,,,,,,,,,,,,,,,,,Postleitzahl,,,,,,,,,,,,,,,,,
,out,24,,,,,,,,,,,,,,,,,,=,,,,,,,,,,,,,,,,,
,,,,,,,,,,,,,,,,,,,,58513.,,,,,,,,,,,,,,,,,
,:AG,,,,,,,,,,,,,,,,,,,20/0,,,,,,,,,,,,,,,,,
,aller,Schiiler/Schilerinnen,,,,,,,,,,,,,,,,,,Altersstruktur,,,,,,,,,,,,,,,,,
,Staats-|,Schiiler-,,,,,,,,,,,,,,,,,,Geb.|,,,,,,,,,,,,,,,,,
,ang.,,,,,,,,,,,,,,,,,,,Jahr,,,,,,,,,,,,,,,,,
,|,,,,,,,,,,,,,,,,,,,475,,,,,,,,,,,,,,,,,
,,,,,,,,,,,,,,,,,,,,RAN,,,,,,,,,,,,,,,,,
,=P,TKM,|,Schul,FSP1,|,FSP2,|,Intensivpad.,|,Ref.-,Lehrer-,|,|,Schiler|,Ausl.-,,,,Adr|Jg,,,,,,,,,,,,,,,,,
,_,_,Férd.,SBH_,|,pad-,kurzb.,|,_,insg.,zahl,,,,,,,,,|,,,,,,,,,,,,,,,,,
,(B,[01,oe,ee,eS,nsec,ara,22;,4,,,,,,,,,,,A_|4E,,,,,,,,,,,,,,,,,
,lw,»,NZ,41,,,,,,,,,,,,,,,,I,,,,,,,,,,,,,,,,,
,der,Betreuung,],Ausland.,,,,,,,,,,,,,,,,Herkunft,,,,,,,,,,,,,,,,,
,Schiler/Schillerinnen,|,Schiller/innen,|,,,,,,,,,,,,,,,,|,,,,,,,,,,,,,,,,,
,Schul-|,Art,,,,,,,,,,,,,,,,,,Schul-|,,,,,,,,,,,,,,,,,
,|,form,,,,,,,,,,,,,,,,,,nummer,,,,,,,,,,,,,,,,,
,Teilnehmer,|,Staats-,,,,,,,,,,,,,,,,,|,,,,,,,,,,,,,,,,,
,|,angeh.,,,,,,,,,,,,,,,,,,zusammen,,,,,,,,,,,,,,,,,
,Schiller-,|,,,,,,,,,,,,,,,,,,|,,,,,,,,,,,,,,,,,
,ES|,51),,,,,,,,,,,,,,,,,,"131635,",,,,,,,,,,,,,,,,,
,_166,4),,,,,,,,,,,,,,,,,,bi,,,,,,,,,,,,,,,,,
,der,§,,,,,,,,,,,,,,,,,,Wohnort,,,,,,,,,,,,,,,,,
,w,if,,,,,,,,,,,,,,,,,,|,,,,,,,,,,,,,,,,,
,|,Wohnort,,,,,,,,,,,,,,,,,,Postleitzah!,,,,,,,,,,,,,,,,,
,|,‘Luidenscheid,,,,,,,,,,,,,,,,,,58509,,,,,,,,,,,,,,,,,
,|,Ludenscheid,,,,,,,,,,,,,,,,,,58513,,,,,,,,,,,,,,,,,
,|,Lidenscheid,,,,,,,,,,,,,,,,,,58507,,,,,,,,,,,,,,,,,
,aller,Schiiler/Schillerinnen,|,,,,,,,,,,,,,,,,,“Altersstruktur,,,,,,,,,,,,,,,,,
,Staats-|,Schiiler-,,,,,,,,,,,,,,,,,,Geb.|,,,,,,,,,,,,,,,,,
,ang.,,,,,,,,,,,,,,,,,,,Jahr,,,,,,,,,,,,,,,,,
,|,,,,,,,,,,,,,,,,,,,2015,,,,,,,,,,,,,,,,,
,,,,,,,,,,,,,,,,,,,,__2016,,,,,,,,,,,,,,,,,
,166),,,,,,,,,,,,,,,,,,,2017,,,,,,,,,,,,,,,,,
,nlolF,,,,,,,,,,,,,,,,,,,loa,,,,,,,,,,,,,,,,,
,FSP2,|,Intensivpad.,|,Ref.,|,Lehrer-|,|,Schiller!,Ausl.,,,,,,,,,,(Ft,,,,,,,,,,,,,,,,,
,,,,,,,,,,,,,,,,,,,,A__|4E,,,,,,,,,,,,,,,,,
,"Pend,",SBH_|,pad-,_kurzb.,insg.,|,,,,,,,,,,,,,,|,,,,,,,,,,,,,,,,,
,|,4,oO,,,,,,,,,,,,,,,,,[z,,,,,,,,,,,,,,,,,
,"1,",0,,,,,,,,,,,,,,,,,,w,,,,,,,,,,,,,,,,,
,der,,,,,,,,,,,,,,,,,,,Herkunft,,,,,,,,,,,,,,,,,
,Schiller/Schilerinnen,,,,,,,,,,,,,,,,,,,|,,,,,,,,,,,,,,,,,
,—|,Ausland.,,,,,,,,,,,,,,,,,,Betreuung,,,,,,,,,,,,,,,,,
,,,,,,,,,,,,,,,,,,,,Schiler/innen,,,,,,,,,,,,,,,,,
,Art),|,Sc,,,,,,,,,,,,,,,,,Schul-|Schul-|,,,,,,,,,,,,,,,,,
,|,form,,,,,,,,,,,,,,,,,,nummer,,,,,,,,,,,,,,,,,
,Teiinehmer,,,,,,,,,,,,,,,,,,,|,,,,,,,,,,,,,,,,,
,,,,,,,,,,,,,,,,,,,,zusammen,,,,,,,,,,,,,,,,,
,131635,Gi,04),,,,,,,,,,,,,,,,,_,,,,,,,,,,,,,,,,,
,der,Schiiler/Schiilerinnen,,,,,,,,,,,,,,,,,,Wohnort,,,,,,,,,,,,,,,,,
,|,Wohnort,,,,,,,,,,,,,,,,,,_Postleitzahl,,,,,,,,,,,,,,,,,
,ft,Lidenscheid,,,,,,,,,,,,,,,,,,58513.,,,,,,,,,,,,,,,,,
,Altersstruktur,aller,Schiiler/Schillerinnen,|,,,,,,,,,,,,,,,,|,,,,,,,,,,,,,,,,,
,|,Staats-|,Schill,,,,,,,,,,,,,,,,,Geb.,,,,,,,,,,,,,,,,,
,ete},sn.,,,,,,,,,,,,,,,,,,|,,,,,,,,,,,,,,,,,
,,,,,,,,,,,,,,,,,,,,2016,,,,,,,,,,,,,,,,,
,2,,,,,,,,,,,,,,,,,,,Seite,,,,,,,,,,,,,,,,,
,_,,,,,,,,,,,,,,,,,,,,Lidenscheid,,,,,,,,,,,,,,,,
,_,,,,,,,,,,,,,,,,,,,,Liidenscheid,,,,,,,,,,,,,,,,
,,,,,,,,,,,,,,,,,,,,,6,,,,,,,,,,,,,,,,
,Lidenscheid,,,,,,,,,,,,,,,,,,,,iz,,,,,,,,,,,,,,,,
,|,,,,,,,,,,,,,,,,,,,,18,,,,,,,,,,,,,,,,
,GG,Otfried-,PreuBler-,Schule,131635,vom,31.08.2023,,,,,,,,,,,,,,"Liidenscheid,",,,,,,,,,,,,,,,,
,|P,|,TKM,|Schul,|KL-,|,Org.-,|,Jg,FSP1,‘jrees,Intensivpad.,|,Ref.-,Lehrer-|,|,Schiller},Ausl.-,,,[Adr/Jg,,,,,,,,,,,,,,,,
,|_|,lied.,|,art,(Tk),_|_Férd.,SBH_|,pad-,___kurzb.,insg.|,_zahl,,,,,,,,,,L,,,,,,,,,,,,,,,,
,['B.,|,03,RK,E1,|,z,3],|,,,,,,,,,,,,|A_|1E,,,,,,,,,,,,,,,,
,vi,|,|,Papen,Bae,=,w,0),0),,,,,,,,,,,,L,,,,,,,,,,,,,,,,
,Betreuung,_,Ausland.,|,,,,,,,,,,,,,,,,,‘Herkunftder,,,,,,,,,,,,,,,,
,Schilerfinnen,__|,,,,,,,,,,,,,,,,,,,Schiiler/Schilerinnen,,,,,,,,,,,,,,,,
,|,Schul-|,Art,|,|,Teilnehmer,|,Staats-,Schiiler-,,,,,,,,,,,,Schul-,,,,,,,,,,,,,,,,
,|_,form,|,insg.,Ausl.,__|,zusammen,|,angeh.,|,zahl,|,,,,,,,,,nummer,,,,,,,,,,,,,,,,
,_Es|,51/,z,3},2,_,|,[zl,|,,,,,,,,,,,,mk),,,,,,,,,,,,,,,,
,lw,“at,|,—,w,|,,,,,,,,,,,,,,,__|,,,,,,,,,,,,,,,,
,7,\y,Sasg@sauct,+26,,,,,,,,,,,,,,,,,————,,,,,,,,,,,,,,,,
,_____|,Schillerzaht,|,",",,,,,,,,,,,,,,,,,Wohnort,,,,,,,,,,,,,,,,
,1,Va,2AS:,A,,,,,,,,,,,,,,,,,i,,,,,,,,,,,,,,,,
,,,,,,,,,,,,,,,,,,,,,2,,,,,,,,,,,,,,,,
,5,,,,,,,,,,,,,,,,,,,,Mo:,,,,,,,,,,,,,,,,
,|,Altersstruktur,aller,Schiler/Schilerinnen,|,,,,,,,,,,,,,,,,[,,,,,,,,,,,,,,,,
,|,Staats-|,Schiiler-|,Schiiler-|,Ah:,20,,,,,,,,,,,,,,,Geb.,,,,,,,,,,,,,,,,
,ang.,insg,|,|,weibl.,.,,,,,,,,,,,,,,,Jahr,,,,,,,,,,,,,,,,
,2017,3,|,0,,,,,,,,,,,,,,,,,___,,,,,,,,,,,,,,,,
,/,Adr],Jo,P,|,TKM,|,[Schul,[Ki-,|,C,_[FSPt,|,FSP2,|,Intensivpad.,|,Ref.-,|,,Oo,Lehrer-,Schiller,|,Ausl.-,,,,,,,,,,,,
,|,glied.,art,|,|,Férd.,SBH__,pad-,kurzb.,insg.|,_zahl,,,,,,,,,,|,,,,,,,,,,,,,,,,
,a,ao,01,RK,_,|,oa,meee,_[,__|z,3],2,,,,,,,,,A,,,,,,,,,,,,,,,,
,i,=,|,_,_,wih,AL,A),,,,,,,,,,,,,___|,,,,,,,,,,,,,,,,
,Herkunft,der,7,|,Betreuung,—s|,Ausland.,,,,,,,,,,,,,,|,,,,,,,,,,,,,,,,
,|,Schiiler/innen,,,,,,,,,,,,,,,,,,,Schiiler/Schilerinnen,,,,,,,,,,,,,,,,
,Schul-|,Art,Teilnehmer,|,Staats-,Schiiler-,,,,,,,,,,,,,,,Schul-|,,,,,,,,,,,,,,,,
,|,form),|,____|zusammen,|,angeh.|,|,_zahi,,,,,,,,,,,,,nummer,,,,,,,,,,,,,,,,
,Gl,04),zi,[3,166|,z,1),,,,,,,,,,,,,,131635,,,,,,,,,,,,,,,,
,Tw,[OO,—_|,wl,0),,,,,,,,,,,,,,,,-,,,,,,,,,,,,,,,,
,_|,475|,zl),1),,,,,,,,,,,,,,,,,z,,,,,,,,,,,,,,,,
,|,w,1),,,,,,,,,,,,,,,,,,lw,,,,,,,,,,,,,,,,
,_,oan),,,,,,,,,,,,,,,,,,,Lidenscheid,,,,,,,,,,,,,,,,
,aller,Schiiler/Schiilerinnen,|,,,,,,,,,,,,,,,,,,Altersstruktur,,,,,,,,,,,,,,,,
,Staats-|,Schiller-|,Schiiler-|,,,,,,,,,,,,,,,,,,Geb.|,,,,,,,,,,,,,,,,
,ang.,__—_sinsg|,_weibl.,|,,,,,,,,,,,,,,,,,Jahr,,,,,,,,,,,,,,,,
,2015,1,_0,,,,,,,,,,,,,,,,,,|,,,,,,,,,,,,,,,,
,"166,",1,o,,,,,,,,,,,,,,,,,,2015,,,,,,,,,,,,,,,,
,475,1,1,,,,,,,,,,,,,,,,,,2015,,,,,,,,,,,,,,,,
,ii,Org.,|Jg,|,FSP1,|FSP2,|,Intensivpad.,|,Ref-,|,Lehrer-,,,,,,,,,Schul_,,,,,,,,,,,,,,,,
,(art,form,ae,|,|,Férd.,SBH__,pad-,_kurzb.,|,,,,,,,,,,,glied.,,,,,,,,,,,,,,,,
,=,4.2,a,Zz,,,,,,,,,,,,,,,,,|,,,,,,,,,,,,,,,,
,ee,|,|,|,lw,,,,,,,,,,,,,,,,ee,,,,,,,,,,,,,,,,
,|,Ausland.,=,=—tid,,,,,,,,,,,,,,,,,Betreuung,,,,,,,,,,,,,,,,
,Schilerfinnen,,,,,,,,,,,,,,,,,,,,Schiiler/Schilerinnen,,,,,,,,,,,,,,,,
,Schul-,|,Schul-|,Art,‘Schiilerzahl,|,Art,Teilnehmer,|,Staats-,|,Schiiler-,,,,,,,,,|,,,,,,,,,,,,,,,,
,form,_|insg.,Aust.,|,zusammen,|,angeh.|,_,,,,,,,,,,,,,nummer,,,,,,,,,,,,,,,,
,G|,04),z),25|,2/0,25,|,438,|,,,,,,,,,,,,131635,,,,,,,,,,,,,,,,
,_,|,wi,140;,2,te,|,,,,,,,,,,,,,,|,,,,,,,,,,,,,,,,
,zj,|,461,,,,,,,,,,,,,,,,,,|,,,,,,,,,,,,,,,,
,-,"iW,",|,,,,,,,,,,,,,,,,,,"cl,",,,,,,,,,,,,,,,,
,Wohnort,der,Schiller/Schillerinnen,,,,,,,,,,,,,,,,,,—_,,,,,,,,,,,,,,,,
,|,Wohnort,|,Schillerzahl,|,,,,,,,,,,,,,,,,hl,,,,,,,,,,,,,,,,
,3,,,,,,,,,,,,,,,,,,,,Seite,,,,,,,,,,,,,,,,
,GG,Otfried-PreuBler~Schule,,,,,,,,,,,,,,,,,,,"Liidenscheid,",,,,,,,,,,,,,,,,
,vom,31.08.2023,,,,,,,,,,,,,,,,,,,131635,,,,,,,,,,,,,,,,
,aller,Schiller/Schiilerinnen,,,,,,,,,,,,,,,,,,,Altersstruktur,,,,,,,,,,,,,,,,
,Staats-,Schiiler-,Schiiler-,,,,,,,,,,,,,,,,,,Geb.|,,,,,,,,,,,,,,,,
,ang.|,—_sinsg,weibl.,,,,,,,,,,,,,,,,,,Jahr|,,,,,,,,,,,,,,,,
,461,4,1,,,,,,,,,,,,,,,,,,2015,,,,,,,,,,,,,,,,
,==,Gili.,_3|,,,,,,,,,,,,,,,,,,__2015,,,,,,,,,,,,,,,,
,2016),438,1,1,,,,,,,,,,,,,,,,,|,,,,,,,,,,,,,,,,
,17,5],,,,,,,,,,,,,,,,,,,2016,,,,,,,,,,,,,,,,
,|,Jg,P,TKM,|,Schul,|,KI.-,Org.-,=,Jg,FSP1,|,FSP2,|,Intensivpad.,Ref.-,Lehrer-,Schiler|,,Adr,Ausl.-|,,,,,,,,,,,,,,,
,|,art___|,form,_|,(TK),__|,Fé,_|pad-,|,__kurzb.,insg.|,__zahl,|,,,,,,,,glied.,,,,,,,,,,,,,,,,
,|,RK,4,E2,Reset,Zz,1,,,,,,,,,,,,,,A_|03,,,,,,,,,,,,,,,,
,|,_,w,A,1),,,,,,,,,,,,,,,,—,,,,,,,,,,,,,,,,
,der,Betreuung,Ausland.,|,,,,,,,,,,,,,,,,,Herkunft,,,,,,,,,,,,,,,,
,Schiiler/Schiilerinnen,|,Shiiler/innen,_,|,,,,,,,,,,,,,,,,|,,,,,,,,,,,,,,,,
,Schul-|,Art,Schiilerzahl,|,Art,Teilnehmer,|,Staats-,Schiiler-,|,,,,,,,,,,,Schul-|,,,,,,,,,,,,,,,,
,form),_,insg.,Ausl.,zusammen,|,angeh.|,—_—__szahil,|,,,,,,,,,,,,nummer),,,,,,,,,,,,,,,,
,Gi,04|,z,2,1,|,163|_,z,i,,,,,,,,,,,,131635,,,,,,,,,,,,,,,,
,|,{wl,off,4],—,1,Ww,1,,,,,,,,,,,,,tL,,,,,,,,,,,,,,,,
,der,Schiiler/Schillerinnen,,,,,,,,,,,,,,,,,,,Wohnort,,,,,,,,,,,,,,,,
,|,Wohnort,,,,,,,,,,,,,,,,,,,Postleitzah!,,,,,,,,,,,,,,,,
,_58507,|,Liidenscheid,,,,,,,,,,,,,,,,,,|,,,,,,,,,,,,,,,,
,|,Ludenscheid_,=,,,,,,,,,,,,,,,,,,58513,,,,,,,,,,,,,,,,
,Staats-|,Schiiler-|,Schiiler-,,,,,,,,,,,,,,,,,,Geb.|,,,,,,,,,,,,,,,,
,ang.,insg,weibl.,,,,,,,,,,,,,,,,,,_Jahr|,,,,,,,,,,,,,,,,
,163,1,1,,,,,,,,,,,,,,,,,,2015,,,,,,,,,,,,,,,,
,1,0),,,,,,,,,,,,,,,,,,,2015,,,,,,,,,,,,,,,,
,|,Jg,P,TKM,|,Schul,|,Ki.-,Org.-,|,Jg,|,FsP1,|,FSP2,|,Intensivpad.,|,Ref.-,,Adr,,,,,,,,,,,,,,,,
,glied.,|art,form,|,(TK),|,Fd.,SBH,_,,,,,,,,,,,,|.,,,,,,,,,,,,,,,,
,|A,|,04,RK,4,E3_,|,|,<r,,,,,,,,,,,,A_\}2E,,,,,,,,,,,,,,,,
,|,,,,,,,,,,,,,,,,,,,,|,,,,,,,,,,,,,,,,
,der,Betreuung,Ausland.,,,,,,,,,,,,,,,,,,Herkunft,,,,,,,,,,,,,,,,
,_,ee,_,Schiler/innen,,,,,,,,,,,,,,,,,Schiiler/Schillerinnen,,,,,,,,,,,,,,,,
,Schul-|,Art,Schiilerzahi,|,Art,Teilnehmer,|,Staats-,Schiiler-,,,,,,,,,,,,Schul-|,,,,,,,,,,,,,,,,
,form,|,insg.,Ausl.,|,|,zusammen,|,angeh.,zahl,,,,,,,,,,,nummer,,,,,,,,,,,,,,,,
,G|,04|,z,al,0,a,es,oe,2,,,,,,,,,,,,|__131635,,,,,,,,,,,,,,,,
,4,0,w,,,,,,,,,,,,,,,,,,w,,,,,,,,,,,,,,,,
,der,Schiiler/Schillerinnen,Ja,CSA,t,-,3,J,,,,,,,,,,,,,Wohnort,,,,,,,,,,,,,,,,
,|,Wohnort,__|,Schiilerzahl,Ht),Ye,20S,:,43,,,,,,,,,,,,Postleitzahl,,,,,,,,,,,,,,,,
,68513,|,Lidenscheid,4,=,,,,,,,,,,,,,,,,|___,,,,,,,,,,,,,,,,
,aller,Schiler/Schilerinnen,do,.,J,#,,,,,,,,,,,,,,,Altersstruktur,,,,,,,,,,,,,,,,
,Geb.|,Staats-|,Schiiler-|,Schiiler-,,,,,,,,,,,,,,,,,|,,,,,,,,,,,,,,,,
,__ang.,insg,weibl.,,,,,,,,,,,,,,,,,,|,,,,,,,,,,,,,,,,
,1,a,,,,,,,,,,,,,,,,,,,[,,,,,,,,,,,,,,,,
,=P,|,TKM,|,Schul,|,Ki.-,|,Org.-,|,Jg,Schiller,,,,,,,,,Adr|Jg,,,,,,,,,,,,,,,,
,___|,glied.,|,art,form,|,(TK)_,,,,,,,,,,,,,,|,,,,,,,,,,,,,,,,
,(|B,(01,RK,14,-E3,I,a,,,,,,,,,,,,,,A_(2E,,,,,,,,,,,,,,,,
,der,Betreuung,Ausland.,|,,,,,,,,,,,,,,,,,Herkunft,,,,,,,,,,,,,,,,
,Schiler/Schilerinnen,a,Schiiler/innen,,,,,,,,,,,,,,,,,,|,,,,,,,,,,,,,,,,
,Art|,|,Schiilerzahl,|,Art,Teilnehmer,|,Staats-,Schiiler-,|,,,,,,,,,,,Schul-,,,,,,,,,,,,,,,,
,|,__|__|insg.,Aust.,____|,zusammen,_|_angeh.,|,,,,,,,,,,,,,,nummer,,,,,,,,,,,,,,,,
,131635,04),z,2|,010,{2,||,2},,,,,,,,,,,,,__,,,,,,,,,,,,,,,,
,0,w,|,,,,,,,,,,,,,,,,,,1,,,,,,,,,,,,,,,,
,Wohnort,der,Schiiler/Schiilerinne:,,,,,,,,,,,,,,,,,,____,,,,,,,,,,,,,,,,
,|,Wohnort,,,,,,,,,,,,,,,,,,,‘aht,,,,,,,,,,,,,,,,
,58513,|,Liidenscheid,_,,,,,,,,,,,,,,,,,__,,,,,,,,,,,,,,,,
,Schillerzah!,|,,,,,,,,,,,,,,,,,,,|,,,,,,,,,,,,,,,,
,z,,,,,,,,,,,,,,,,,,,,|,,,,,,,,,,,,,,,,
,4,,,,,,,,,,,,,,,,,,,,Seite,,,,,,,,,,,,,,,,
,131635,vom,31.08.2023,,,,,,,,,,,,,,,,,,euBler-Schule,,,,,,,,,,,,,,,,
,ang.,|,,,,,,,,,,,,,,,,,,,Jahr,,,,,,,,,,,,,,,,
,,,,,,,,,,,,,,,,,,,,,2014))..,,,,,,,,,,,,,,,,
,,,,,,,,,,,,,,,,,,,,,2015,,,,,,,,,,,,,,,,
,|P,|TKM,|,Schul,Jg_,|,FSP1-,FSP2,|,Intensivpad.,|,Ref.-,ra,Schiller,|,Ausl.-,|,,,,Adr|/Jg,,,,,,,,,,,,,,,,
,i,ed.,art,_|,for,(TK),|,Férd.,SBH,E,"___kurzb,",insg.|,—zahl_,,,,,,,,(oon,,,,,,,,,,,,,,,,
,|2e,{6,[02,_,|,RK,E2_,|,|,fz,|,15,,,,,,,,,[A,,,,,,,,,,,,,,,,
,a,|,E,twit,8),0),,,,,,,,,,,,,,,1,,,,,,,,,,,,,,,,
,der,T,Betreuung,Ausland.,,,,,,,,,,,,,,,,,Herkunft,,,,,,,,,,,,,,,,
,Schiller/Schiilerinnen,ee,Schiler/innen,,,,,,,,,,,,,,,,,,|,,,,,,,,,,,,,,,,
,Schul-,|,Schul-|,Art,|,Schilerzahl,Teilnehmer,|,Staats-|,Schiiler-,,,,,,,,,,,|,,,,,,,,,,,,,,,,
,|,form,|,insg.,Aust.,_,zusammen,|,angeh.,|,_|_zaht),,,,,,,,,,|_nummer,,,,,,,,,,,,,,,,
,131635,Gi,04),z|,15|,O|O,15,,,,,,,,,,,,,,|,,,,,,,,,,,,,,,,
,eed,We),eB).,eosceel,,,,,,,,,,,,,,,,,=,,,,,,,,,,,,,,,,
,|,Wohnort,|,Schiilerzahl,,,,,,,,,,,,,,,,,-Postleitzahl,,,,,,,,,,,,,,,,
,|Liidenscheid,_,-,6,,,,,,,,,,,,,,,,,58507,,,,,,,,,,,,,,,,
,|,Lidenscheid,9,,,,,,,,,,,,,,,,,,58513,,,,,,,,,,,,,,,,
,aller,Schiller/Schiilerinnen,,,,,,,,,,,,,,,,,,,Altersstruktur,,,,,,,,,,,,,,,,
,Schiiler-,,,,,,,,,,,,,,,,,,,,Geb.,,,,,,,,,,,,,,,,
,|,,,,,,,,,,,,,,,,,,,,weibl.,,,,,,,,,,,,,,,,
,«|,FSP4,[Fer,|,intensivpad.,Ref.-,|,Lehrer-,Schiller,|,Ausl.-,,,,,,,,,,Jg,,,,,,,,,,,,,,,,
,Férd.,SBH_|,pad-,kurzb.,_insg.|__zahl,,,,,,,,,,,,,,,,LT),,,,,,,,,,,,,,,,
,|,_,-,rr,ee,11,2),,,,,,,,,,,,,,E2,,,,,,,,,,,,,,,,
,|,I,w,2|,oo),,,,,,,,,,,,,,,,|,,,,,,,,,,,,,,,,
,Herkunft,der,Betreuung,,,,,,,,,,,,,,,,,,|,,,,,,,,,,,,,,,,
,Schiler/Schilerinnen,,,,,,,,,,,,,,,,,,,,|,,,,,,,,,,,,,,,,
,|,Schul-|,Art,Schiilerzahl,|,Art,Teilnehmer,Schiiler-,,,,,,,,,,,,,Schul-,,,,,,,,,,,,,,,,
,|,form,|,insg.,Ausl.,__|,zusammen,___zahl,,,,,,,,,,,,,nummer,,,,,,,,,,,,,,,,
,GG,|,|,Zi,44},2),_,1,,,,,,,,,,,,,"131635,",,,,,,,,,,,,,,,,
,|,w,OO};,_,_,0,,,,,,,,,,,,,,,_,,,,,,,,,,,,,,,,
,iz,ae,ae,v4,|,1,,,,,,,,,,,,,,,e,,,,,,,,,,,,,,,,
,if,w,|,0),,,,,,,,,,,,,,,,,=,,,,,,,,,,,,,,,,
,der,Schiler/Schilerinnen,,,,,,,,,,,,,,,,,,,Wohnort,,,,,,,,,,,,,,,,
,Postleitzah!,|,Wohnort,|,Schilerzahl_,,,,,,,,,,,,,,,,|,,,,,,,,,,,,,,,,
,58507,|,Lidenscheid,,,,,,,,,,,,,,,,,,____,,,,,,,,,,,,,,,,
,,,,,,,,,,,,,,,,,,,,,58513,,,,,,,,,,,,,,,,
,aller,Schiiler/Schiilerinnen,|,,,,,,,,,,,,,,,,,,Altersstruktur,,,,,,,,,,,,,,,,
,|,Staats-|,Schiiler-|,Schiiler-,|,,,,,,,,,,,,,,,,Geb.,,,,,,,,,,,,,,,,
,ang.|_——__sinsg,weibl.,|,,,,,,,,,,,,,,,,,,Jahr},,,,,,,,,,,,,,,,
,2015,|,—3{,4),,,,,,,,,,,,,,,,,|,,,,,,,,,,,,,,,,
,154,1,0},,,,,,,,,,,,,,,,,,2016|;,,,,,,,,,,,,,,,,
,137,1,0),,,,,,,,,,,,,,,,,,2016,,,,,,,,,,,,,,,,
,_,6,1|,,,,,,,,,,,,,,,,,,2016,,,,,,,,,,,,,,,,
,|,Jg,P,TKM,|,Schul,|,KI.-,Org.-,|,Jg,FSP1,|,FSP2,|,Intensivpad.,|,Ref.-,Lehrer-,,Adr,Schiller,Ausl.-,,,,,,,,,,,,,,
,(art,{form,((TK),|,|,Férd.,SBH_|,pad-,kurzb.|,|,——sinsg.,|,—zahl,,,,,,,,glied.,,,,,,,,,,,,,,,,
,|B,104,|,[RK,4,E2,SB,ee,Ae,Zz,1,0,,,,,,,,,A_|2E,,,,,,,,,,,,,,,,
,So,ee,wi,0),0),,,,,,,,,,,,,,,,ns,,,,,,,,,,,,,,,,
,der,Betreuung,Ausland.,,,,,,,,,,,,,,,,,,Herkunft,,,,,,,,,,,,,,,,
,Schiiler/Schiilerinnen,a,Schiler/innen,7,,,,,,,,,,,,,,,,,|,,,,,,,,,,,,,,,,
,Schul-|,Art,Schiilerzahl,|,Art,Teilnehmer,|,Staats-,Schiiler-,,,,,,,,,,,,Schul-|,,,,,,,,,,,,,,,,
,nummer,|,|,insg.,Ausl,zusammen,_|_angeh.,zahl,,,,,,,,,,,,,|,,,,,,,,,,,,,,,,
,131635,-z|_.4,0,Zl,,,,,,,,,,,,,,,,,|,,,,,,,,,,,,,,,,
,es,w,0,0,2,ee,eee,eee,,,,,,,,,,,,,poe,,,,,,,,,,,,,,,,
,5,,,,,,,,,,,,,,,,,,,,Seite,,,,,,,,,,,,,,,,
,,,,,,,,,,,,,,,,,,,,Schiilerzahl,Postleitzahl|Wohnort,,,,,,,,,,,,,,,,
,,,,,,,,,,,,,,,,,,,,58507,|,,,,,|,Liidenscheid,4,,,,,,,,,
,,,,,,,,,,,,,,,,,,,,aller,Altersstruktur,,,,,Schiiler/Schilerinnen,|,,,,,,,,,,
,,,,,,,,,,,,,,,,,,,,|,Geb.,,,,,Staats-|,Schiiler-|,Schiiler-,,,,,,,,,
,,,,,,,,,,,,,,,,,,,,_ang.,Jahr|,,,,,insg|,__weibl.,|,,,,,,,,,
,,,,,,,,,,,,,,,,,,,,1,2016;,,,,,0,,,,,,,,,,,
,|FSP2,|,Intensivpad.,|,Ref.,|,Lehrer-,Schiller,|,ae,,,,,,,,,,[P|,Adr|Jg,,,,,TKM,|,Schul,[Ke,|Org.-,[Jg,|,FSP1,,,,
,,,,,,,,,,,,,,,,,,,,|,giled.,,,,,art,|form,(TK),|,Férd.,SBH,5,zahl,,,,
,,,,,,,,,,,,,,,,,,,,|2E,[A,,,,,|B,jos,|,|RK,4,E3,a,,,,,
,,,,,,,,,,,,,,,,,,,,eee,tem,,,,,=,en,,,,,,,,,,
,,,,,,,,,,,,,,,,,,,,der,Herkunft,,,,,Betreuung,Ausland.,|,,,,,,,,,
,,,,,,,,,,,,,,,,,,,,Schiler/Schilerinnen,|,,,,,i,|,Shiiler/innen,_|,,,,,,,,
,Staats-,-|,|,Schiller-,|,,,,,,,,,,,,,,,Schul-|,|,,,,,Schul-|,Art,|,Schiilerzahl,|,Art,|,Teilnehmer,,,,
,,,,,,,,,,,,,,,,,,,,|_,nummer,,,,,form,insg.,Ausl.,zusammen,"angen,",=,,,,,,
,,,,,,,,,,,,,,,,,,,,G|,131635,,,,,o4|,z|,14],o|,2,,,,,,,
,,,,,,,,,,,,,,,,,,,,|,ae,,,,,we,L,4,0,-,|,,,,,,
,,,,,,,,,,,,,,,,,,,,Wohnort,[,,,,,der,Schiiler/Schilerinnen,\,,,,,,,,,
,,,,,,,,,,,,,,,,,,,,[Wohnort,‘Postieitzahl,,,,,ant,LY,,,,,,,,,,
,,,,,,,,,,,,,,,,,,,,|,58513,,,,,Liidenscheid,ee,=A),Va,,,,,,,,
,,,,,,,,,,,,,,,,,,,,aller,Altersstruktur,,,,,Schiiler/Schilerinnen,|,,,,,,,,,,
,,,,,,,,,,,,,,,,,,,,Staats-|,Geb.|,,,,,Schiiler-,Schiiler-,,,,,,,,,,
,,,,,,,,,,,,,,,,,,,,_,|,,,,,Jahr,ang.,insg,weibl.,,,,,,,,
,,,,,,,,,,,,,,,,,,,,1,2015,,,,,1,,,,,,,,,,,
,|,FSP2,Intensivpad.,|,Ref.-,Lehrer-,',Schiiler|,Ausl.-,|,,,,,,,,,,|,Adr,,,,,Jg,P,TKM,|,Schul,|,KI.-,‘|FSP1,,,,
,,,,,,,,,,,,,,,,,,,,|,a,,,,,art,__,Férd.,SBH__|,pad-,kurzb.,insg.,zahl,,,,
,,,,,,,,,,,,,,,,,,,,{03,A_,,,,,[A,_,ee,ee,zi[,ef,4,,,,,
,,,,,,,,,,,,,,,,,,,,a,"baralle,",,,,,=,_,-,w,8),,,,,,,
,,,,,,,,,,,,,,,,,,,,|,Herkunft,,,,,Aus,,,,,,,,,,,
,,,,,,,,,,,,,,,,,,,,__,Schiler/Schilerinnen,,,,,_,-,Schiler/finnen,,,,,,,,,
,Schiiler-,,,,,,,,,,,,,,,,,,,Schul-|,Schul-|,,,,,Art|,Schiilerzahl,|,Art,Teilnehmer,|,Staats-,|,,,,
,,,,,,,,,,,,,,,,,,,,|,nummer,,,,,|,insg.,Ausl.,zusammen,|,angeh.,|,,,,,
,,,,,,,,,,,,,,,,,,,,M1),130059,,,,,z,1),0/0.,16,|,166,|,,,,,
,,,,,,,,,,,,,,,,,,,,0,1,,,,,,,,,,,,,,,,
,,,,,,,,,,,,,,,,,,,,11|,"""131635",,,,,z,15),1,_,_,_,,,,,,
,,,,,,,,,,,,,,,,,,,,Al,lw,,,,,1,—_,en,,,,,,,,,
,,,,,,,,,,,,,,,,,,,,der,Wohnort,,,,,Schiiler/Schillerinnen,a,,,,,,,,,,
,,,,,,,,,,,,,,,,,,,,|,_Postleitzah!l,,,,,Wohnort,Schiilerzahl,,,,,,,,,,
,,,,,,,,,,,,,,,,,,,,|,58513,,,,,Lidenscheid,_,|,_,7!,,,,,,,
,,,,,,,,,,,,,,,,,,,,|,58507,,,,,Ludenscheid,ee,SE:,|,,,,,,,,
,,,,,,,,,,,,,,,,,,,,Schiiler-,5,,,,,,,,,,,,,,,,
,,,,,,,,,,,,,,,,,,,,ang.|,Jahr,,,,,"__insg,",,,,,,,,,,,
,,,,,,,,,,,,,,,,,,,,2014,ace,,,,,6,,,,,,,,,,,
,,,,,,,,,,,,,,,,,,,,166,2015,,,,,1,,,,,,,,,,,
,,,,,,,,,,,,,,,,,,,,|,2015;,,,,,CD,,,,,,,,,,,
,,,,,,,,,,,,,,,,,,,,(P|,Adr|Jg,,,,,TKM,|,Schul,,,,,,,,,
,|,Ausl.-,|,,,,,,,,,,,,,,,,,\Jg,-,,,,,shail,tle,Intensivpad.,|,Ref.-,|,Lehrer-,Schiller,,,,
,,,,,,,,,,,,,,,,,,,,|,glled.,,,,,3,L¢,,,,,,,,,,
,,,,,,,,,,,,,,,,,,,,,|,,,,,,,,,,,,,,,,
,,,,,,,,,,,,,,,,,,,,SBH_|,Férd.,,,,,pad-,kurzb.,insa.|,zahl,|,,,,,,,
,,,,,,,,,,,,,,,,,,,,,_,,,,,,,,,,,,,,,,
,,,,,,,,,,,,,,,,,,,,1,I,,,,,,,,,,,,,,,,
,,,,,,,,,,,,,,,,,,,,,<.N,,,,,,,,,,,,,,,,
,,,,,,,,,,,,,,,,,,,,,Ausland.,,,,,,,,,,,,,,,,
,,,,,,,,,,,,,,,,,,,,Schiler/innen,shiler/s,,,,,_|,,,,,,,,,,,
,,,,,,,,,,,,,,,,,,,,Art,Schul-,,,,,|,Schiilerzahl,|,Art,Staats-,Schiiler-,,,,,,
,,,,,,,,,,,,,,,,,,,,2,nummer,,,,,|insg.,Ausl.,_,_zusamme,angeh.,zahl,,,,,,
,,,,,,,,,,,,,,,,,,,,G|,131635|,,,,,441),zi),6],4,|,134),zi,4,,,,
,,,,,,,,,,,,,,,,,,,,6,Seite,,,,,,,,,,,,,,,,
,aut,2,,,,,,,,,,,,,,,,,,Wohnort,L,,,,,der,,,7,3,,,,_______,Schiiler/Schiilerinnen,s,
,,,,,,,,,,,,,,,,,,,,|,|,,,,,Wohnort,,,___|,Schiilerzahl,,,,Postleitzahl,_,ie,
,,,,,,,,,,,,,,,,,,,,Liidenscheid,_58507,,,,,a,,,,,,,,|,1,,
,,,,,,,,,,,,,,,,,,,,Liidenscheid,58513,,,,,tL,,,|,LOLK,,,,|,5,SAA,
,,,,,,,,,,,,,,,,,,,,aller,|,,,,,Schiiler/Schilerinnen_,,,Ef,A,,,,Altersstruktur,LS,,
,,,,,,,,,,,,,,,,,,,,Staats-|,Geb.,,,,,Schiiler-|,,,,,,,,|,Schiiler-,,
,,,,,,,,,,,,,,,,,,,,"__insg,",__Jahr,,,,,_weibl.,,,,,,,,ang.,,,
,,,,,,,,,,,,,,,,,,,,_,|____,,,,,5),,,,,,,,2014,2,,
,,,,,,,,,,,,,,,,,,,,|,2015,,,,,4],,,4),,,,,134,_,,
,Jg,FSP1,|FSP2,|,Intensivpad.,|,Ref.-,|,Lehrer-,Schiiler|,Ausl.-,,,,,,,,,TKM,Adr|Jg,,,,,|Schul,,,|,Org.-,,,,P|,|Ki.-,|,
,SBH__|,pad-,kurzb.,__insg.|,_,,,,,,,,,,,,,,,|,|glied.,,,,,form,,,(TK),_,,,,(art,_|,Férd.,
,-,Z,21,|,,,,,,,,,,,,,,,,LRK,B,,,,,4,,,|,|,,,,(01,{o3_,|,
,,,,,,,,,,,,,,,,,,,,a,|,,,,,a,,,40;,1),,,,|,wl,,
,,,,,,,,,,,,,,,,,,,,~~,Herkunft,,,,,Betreuung,,,Ausland.,|,,,,der,|,,
,,,,,,,,,,,,,,,,,,,,i,Schiler/Schilerinnen,,,,,,,,,,,,,Schiler/innen,,,
,Art,|,Teilnehmer,Staats-,Schiler-,,,,,,,,,,,,,,,Schul-,|,,,,,|,,,|,Schillerzahl,,,,Schul-|,Art,|,
,,,,,,,,,,,,,,,,,,,,form,|_nummer,,,,,Linsg.,,,|,zusammen,,,,|__,Aust.,,
,,,,,,,,,,,,,,,,,,,,2,A,,,,,2,,,2s,,,,,ho,a,,
,,,,,,,,,,,,,,,,,,,,—,r,,,,,wi,,,1),|,,,,),10,,
,,,,,,,,,,,,,,,,,,,,|,z,,,,,|,,,,,,,,|,,,
,,,,,,,,,,,,,,,,,,,,_—,[,,,,,We,,,,,,,,|,,,
,,,,,,,,,,,,,,,,,,,,-,_w,,,,,,,,,,,,,a,,,
,,,,,,,,,,,,,,,,,,,,pa,Z|,,,,,,,,,,,,,|,,,
,,,,,,,,,,,,,,,,,,,,,wl,,,,,,,,,,,,,__t,,,
,,,,,,,,,,,,,,,,,,,,der,__________,,,,,Schiiler/Schiilerinnen,,,,,,,,Wohnort,,,
,,,,,,,,,,,,,,,,,,,,Wohnort,Postleitzahl,,,,,_I,,,,,,,,|,I,,
,,,,,,,,,,,,,,,,,,,,Liidenscheid,58507,,,,,|,,,,,,,,|,9,,
,,,,,,,,,,,,,,,,,,,,Liidenscheid,58513,,,,,_,,,12,,,,,|,|,,
,,,,,,,,,,,,,,,,,,,,Schiiler/Schilerinnen,Altersstruktur,,,,,|,,,,,,,,aller,,,
,,,,,,,,,,,,,,,,,,,,Schiiler-|,Staats-,,,,,Schiiler-|,,,,,,,,|,,,
,,,,,,,,,,,,,,,,,,,,,ang.,,,,,,,,,,,,,,,,
,,,,,,,,,,,,,,,,,,,,,125,,,,,,,,,,,,,,,,
,,,,,,,,,,,,,,,,,,,,,=,,,,,,,,,,,,,438),,,
,,,,,,,,,,,,,,,,,,,,,166,,,,,,,,,,,,,,,,
,,,,,,,,,,,,,,,,,,,,,121),,,,,,,,,,,,,,,,
,,,,,,,,,,,,,,,,,,,,,|,,,,,,,,,,,,,,,,
,|,Lehrer-,Schiller,|,Ausl.-,,,,,,,,,,,,,,,FSP1,|Jg,,,,,|FSP2,,,Intensivpad.,|,,,,|,|,Ref.-,
,zahl_,,,,,,,,,,,,,,,,,,,Férd.,(TK),,,,,SBH_|,,,|,_kurzb.,,,,_,pa,insg.,
,,,,,,,,,,,,,,,,,,,,-,03,,,,,|,,,Sey,,,,,_,z|,,
,,,,,,,,,,,,,,,,,,,,a,Herkunft,,,,,Betreuung,,,-,,,,,der,Ausland.,,
,,,,,,,,,,,,,,,,,,,,___|,Schiler/Schilerinnen,,,,,Schiiler/innen,,,,,,,,_,,,
,|,Staats-,Schiler-,,,,,,,,,,,,,,,,,Schul-|,Schul-,,,,,Art,,,|,Art,,,,|,Schiilerzahl,Teilnehmer,
,,,,,,,,,,,,,,,,,,,,form,nummer,,,,,insg.,,,zusammen,__zaht,,,,|,Aust.,,
,,,,,,,,,,,,,,,,,,,,11),131635;,,,,,z,,,———=,,,,,G!/,2,,
,,,,,,,,,,,,,,,,,,,,4,_,,,,,0,,,a,——,,,,wi,_,,
,=),‘eC,sourt,2,a2,,,,,,,,,,,,,,,Wohnort,_,,,,,der,,,_,|,,,,____,Schiler/Schillerinnen,Su,
,,,,,,,,,,,,,,,,,,,,_,_Postleitzahl|,,,,,|,,,\y,,,,,Wohnort,Schilerzaht,,
,,,,,,,,,,,,,,,,,,,,Lidenscheid,58507,,,,,__,,,1,,,,,|,|,,
,,,,,,,,,,,,,,,,,,,,Lidenscheid,58513,,,,,_,,,OY,L2O(3:,,,,|,1,2,
,,,,,,,,,,,,,,,,,,,,Schiiler/Schiilerinnen,Altersstruktur,,,,,|,,,‘A,Y,,,,aller,A,,
,,,,,,,,,,,,,,,,,,,,|,|,,,,,Staats-,,,Schiler-|,Schiiler-,,,,Geb.,|,Y:,
,,,,,,,,,,,,,,,,,,,,insg,Jahr|,,,,,__weibl.,,,,,,,,ang.,,,
,,,,,,,,,,,,,,,,,,,,[2,2014,,,,,11,,,t,,,,,|,AS!,,
,,,,,,,,,,,,,,,,,,,,,Seite,,,,,,,,,,,,,7,,,
,|,Jg,P,TKM,|,Schul,|,Ki.-,|,Org.-,|,Ug,FSP1,[Bare,intensivpad.,Ref.-,Schiller,|,,,Adr,,,,,,,,,,,,,,,,
,-,__|glied.,|,art,|,form,__,_Férd.,SBH_,|,pad-,_,insg.,,,,,,,,fn,,,,,,,,,,,,,,,,
,A_io1,|,RK,|,{of,|,,,,,,,,,,,,,,,A,,,,,,,,,,,,,,,,
,a,_,eee,a,=,|,I,es,an,a,a,411,,,,,,,,,fe,,,,,,,,,,,,,,,,
,Herkunft,der,Betreuung,,,,,,,,,,,,,,,,,,|,,,,,,,,,,,,,,,,
,neee,ee,,,,,,,,,,,,,,,,,,,Schiler/Schilerinnen,,,,,,,,,,,,,,,,
,Schul-|,Art,Schiilerzahl,Art,Teilnehmer,hiiler-,|,,,,,,,,,,,,,,Schul-|,,,,,,,,,,,,,,,,
,form),_,insg.,Ausl.,zusammen,__,zahl,,,,,,,,,,,,,,"nummer,",,,,,,,,,,,,,,,,
,131635,Gl,11),z),20/,3/0,—«/20,2,,,,,,,,,,,,,|__,,,,,,,,,,,,,,,,
,1],,,,,,,,,,,,,,,,,,,,_,,,,,,,,,,,,,,,,
,=i),,,,,,,,,,,,,,,,,,,,_,,,,,,,,,,,,,,,,
,,,,,,,,,,,,,,,,,,,,,J,,,,,,,,,,,,,,,,
,Postleitzahl|Wohnort,=|,Schiiilerzahl,|,,,,,,,,,,,,,,,,,|,,,,,,,,,,,,,,,,
,58507,|,Liidenscheid,_,I,10,|,,,,,,,,,,,,,,=,,,,,,,,,,,,,,,,
,58513,|,Lidenscheid,10,,,,,,,,,,,,,,,,,—,,,,,,,,,,,,,,,,
,,,,,,,,,,,,,,,,,,,,,Schiiler-,,,,,,,,,,,,,,,,
,,,,,,,,,,,,,,,,,,,,,"___insg,",,,,,,,,,,,,,,,,
,,,,,,,,,,,,,,,,,,,,,2,,,,,,,,,,,,,,,,
,|,Jg,FSP1,|FSP2,|,Intensivpad.,|,Ref-,|,Lehrer-,Schiller,|,Aus!,,,,,,,,|Org.-,,,,,,,,,,,,,,,,
,art,|,form,_|,(TK),Férd.,SBH__,pad-,kurzb.|,|,insg.,|,,,,,,,,,glied.,,,,,,,,,,,,,,,,
,RK,104,EZ,|,_,-,|,z,__,et,,,,,,,,,,,|),,,,,,,,,,,,,,,,
,|,|,|,[|,iw,Ol”,,,,,,,,,,,,,,,|,,,,,,,,,,,,,,,,
,der,Betreuung,Ausland.,,,,,,,,,,,,,,,,,,Herkunft,,,,,,,,,,,,,,,,
,__,_,__,Schiler/innen,|,,,,,,,,,,,,,,,,Schiler/Schilerinnen,,,,,,,,,,,,,,,,
,|,Schul-,|,Art,Schiilerzahl,|,Art,Teilnehmer,|,Staats-,|,Schiller-,|,,,,,,,,Schul-,,,,,,,,,,,,,,,,
,|,form,|,_,i,insg.,Ausl.,zusammen,_|_angeh.,|,zahl,|,,,,,,,,,nummer,,,,,,,,,,,,,,,,
,131635),G/,11!,z,1,1jo.,4,"438,",z|,1),,,,,,,,,,,|,,,,,,,,,,,,,,,,
,|,,,,,,,,,,,,,,,,,,,,T,,,,,,,,,,,,,,,,
,[wl,0;,7,“wl,0),,,,,,,,,,,,,,,,[_,,,,,,,,,,,,,,,,
,Wohnort,der,Schiller/Schillerinnen,—__,|,,,,,,,,,,,,,,,,__,,,,,,,,,,,,,,,,
,Postleitzahl,|,Wohnort,Schiilerzahl,|,,,,,,,,,,,,,,,,|,,,,,,,,,,,,,,,,
,|,Liidenscheid,|,1),,,,,,,,,,,,,,,,,58509,,,,,,,,,,,,,,,,
,aller,Schiiler/Schilerinnen,,,,,,,,,,,,,,,,,,,_Altersstruktur,,,,,,,,,,,,,,,,
,|,Staats-,|,Schiiler-,|,Schiiler-,,,,,,,,,,,,,,,Geb.,,,,,,,,,,,,,,,,
,Jahr,ang.,|,insg_weibl.,,,,,,,,,,,,,,,,,|___,,,,,,,,,,,,,,,,
,),2013,438|,1,0,,,,,,,,,,,,,,,,r,,,,,,,,,,,,,,,,
,|,Jg,P,TKM,|,Schul,|,Kl.-,Org.-,i,Jg,Lehrer-,|,,,,,,,,Adr,,,,,,,,,,,,,,,,
,_|glied.,|,art,form,_|,(TK),{_kurzb.|,|,,,,,,,,,,,,,Hel,,,,,,,,,,,,,,,,
,|04,/A,__|RK,14,[04,[z,,,,,,,,,,,,,,,A,,,,,,,,,,,,,,,,
,ee,|,iw,,,,,,,,,,,,,,,,,,|,,,,,,,,,,,,,,,,
,der,Betreuung,Ausland.,|,,,,,,,,,,,,,,,,,Herkunft,,,,,,,,,,,,,,,,
,Schiiler/innen,|,,,,,,,,,,,,,,,,,,,Schiler/Schilerinnen,,,,,,,,,,,,,,,,
,Schul-,|,Art,J,Schiilerzahl,|,Art,Teilnehmer,|,Staats-|,Schiiler-,|,,,,,,,,,Schul-|,,,,,,,,,,,,,,,,
,|,|,,,,,,,,,,,,,,,,,,,|,,,,,,,,,,,,,,,,
,|,form,insg.,Ausl,|,|,zusammen,|,angeh.,zahl,|,,,,,,,,,,nummer,,,,,,,,,,,,,,,,
,Gi,a),z),1],lo,4,z,|,,,,,,,,,,,,,131635,,,,,,,,,,,,,,,,
,wi,0,0},|,wi,=|,,,,,,,,,,,,,,,—,,,,,,,,,,,,,,,,
,Wohnort,der,Schiiler/Schillerinnen,,,,,,,,,,,,,,,,,,______,,,,,,,,,,,,,,,,
,|,Wohnort,,,,,,,,,,,,,,,,,,,itzahl,,,,,,,,,,,,,,,,
,|,Lidenscheid,,,,,,,,,,,,,,,,,,,3,,,,,,,,,,,,,,,,
,aller,Schiiler/Schillerinnen,,,,,,,,,,,,,,,,,,,_Altersstruktur,,,,,,,,,,,,,,,,
,Staats-|,Schiiler-|,Schiiler-,,,,,,,,,,,,,,,,,,Geb.|,,,,,,,,,,,,,,,,
,ang.,_insg,|,,,,,,,,,,,,,,,,,,Jahr,,,,,,,,,,,,,,,,
,1,,,,,,,,,,,,,,,,,,,,"2013,",,,,,,,,,,,,,,,,
,8,,,,,,,,,,,,,,,,,,,,Seite,,,,,,,,,,,,,,,,
,,,,,,,,,,,,,,,,,,,,|P,Adr|Jg,,,,,|TKM|Schul,,,|,Org.-,,,,,,,|Kl-
,,,,,,,,,,,,,,,,,,,,,Jg,,,,,,,,,,,,,,,,
,(TK),Férd.,SBH_|,pad-,kurzb.,in,zahl,,,,,,,,,,,,,_,|_|,,,,,glied.,,,|,form,,,,,,__,[art
,,,,,,,,,,,,,,,,,,,,,04,,,,,,,,,,,,,,,,
,Lehrer-,Schiller,|,Ausl.-,,,,,,,,,,,,,,,,|FSP2,FSP1,,,,,|,,,|,Ref.,,,,,,|,Intensivpad.
,,,,,,,,,,,,,,,,,,,,,1,,,,,,,,,,,,,,,,
,_o,,,,,,,,,,,,,,,,,,,(04,A_,,,,,\A_,,,RK,4,,,,,,LB,|04
,,,,,,,,,,,,,,,,,,,,-,Lars,,,,,a,,,te},,,,,,,,_
,,,,,,,,,,,,,,,,,,,,der,Herkunft,,,,,Betreuung,,,,,,,,,,,Ausland.
,,,,,,,,,,,,,,,,,,,,ee,Schiler/Schilerinnen,,,,,ee,,,,,,,,,,,Schilerfinnen
,Teilnehmer,Staats-,|,Schiiler-,,,,,,,,,,,,,,,,|,Schul-,,,,,Schul-,,,Schilerzahl,|,,,,,,Art,Art
,angeh.,|,__,___zahl,,,,,,,,,,,,,,,,insg.,__,,,,,Ausl.,,,___|,zusammen,,,,,,|,|
,,,,,,,,,,,,,,,,,,,,z|,41],,,,,14],,,1,,,,,,,,O10
,,,,,,,,,,,,,,,,,,,,Wil,fee,,,,,dl,,,a,=,,,,,,,0
,,,,,,,,,,,,,,,,,,,,Wohnort,________,,,,,der,,,,,,,,,,,Schiiler/Schillerinnen
,,,,,,,,,,,,,,,,,,,,|,Postleitzahl,,,,,Wohnort,,,,,,,,,,,heal
,,,,,,,,,,,,,,,,,,,,|,3,,,,,Lidenscheid,,,1,,,,,,,,_
,,,,,,,,,,,,,,,,,,,,Altersstruktur,|,,,,,aller,,,|,,,,,,,,Schiiler/Schiilerinnen
,,,,,,,,,,,,,,,,,,,,Staats-,Geb.|,,,,,|,,,Schiiler-,|,,,,,,,Schiller-|
,,,,,,,,,,,,,,,,,,,,ang.|_—sinsg|,Jahr),,,,,__weibl.,,,,,,,,,,,|
,,,,,,,,,,,,,,,,,,,,|,2013,,,,,,,,,,,,,,,,
,,,,,,,,,,,,,,,,,,,,1),1,,,,,,,,,,,,,,,,
,,,,,,,,,,,,,,,,,,,,|,“Schiller,,,,,,,,,,,,,,,,
,|Jg,|FSP1,|,FSP2,|,Intensivpad.,|,Ref.-,|,Lehrer-,|,,,,,,,,,|[P,(Adr/Jg,,,,,|TKM,,,|KL-,|,,,,,,Org.-,|Schul
,,,,,,,,,,,,,,,,,,,,|,|,,,,,insg.,,,,,,,,,,,
,,,,,,,,,,,,,,,,,,,,,|,,,,,,,,,,,,,,,,
,,,,,,,,,,,,,,,,,,,,,|,,,,,,,,,,,,,,,,
,SBH__,pad-,kurzb.,,,,,,,,,,,,,,,,,-,_,,,,,glied.,,,form,(TK),,,,,,Férd.,art
,a,OS,,,,,,,,,,,,,,,,,,[04,A,,,,,[A,,,[RK,4,,,,,,04,[05
,,,,,,,,,,,,,,,,,,,,,|,,,,,,,,,,,,,,,,
,,,,,,,,,,,,,,,,,,,,der,Herkunft,,,,,Betreuung,,,,,,,,,,,Ausland.
,,,,,,,,,,,,,,,,,,,,ee,Schiiler/Schilerinnen,,,,,Schiler/innen_,,,,,,,,,,,
,Teilnehmer,|,Staats-,|,Schiler-,,,,,,,,,,,,,,,Schul-|,Schul-|,,,,,Art,,,Schiilerzahl,|,,,,,,Art,|
,|,zusammen,_|_angeh.,|,_,zahl,,,,,,,,,,,,,,|__,nummer,,,,,form,,,|__|,insg.,,,,,,Ausl.,|
,,,,,,,,,,,,,,,,,,,,G,131635,,,,,11/,,,1,0,,,,,,|,z
,,,,,,,,,,,,,,,,,,,,|,—s,,,,,Ww,,,0,,,,,,,,1
,,,,,,,,,,,,,,,,,,,,,T,,,,,,,,,,,,,,,,
,,,,,,,,,,,,,,,,,,,,-,a,,,,,\,,,,,,,,,,,'
,4,,,,,,,,,,,,,,,,,,,der,Wohnort,,,,,Schiller/Schillerinnen,,,USGRSQU,4,,,,,,‘Zz,al
,,,,,,,,,,,,,,,,,,,,|,Postleitzahl,,,,,Wohnort,,,,,,,,,,,Schilerzahl
,,,,,,,,,,,,,,,,,,,,58513,_____,,,,,|,,,td,2ol2:,,,,,,4,Lidenscheid
,",",A,A,,,,,,,,,,,,,,,,,Altersstruktur,|,,,,,aller,,,|,JA,,,,,,3,Schiiler/Schiilerinnen
,,,,,,,,,,,,,,,,,,,,Schiiler-|,Staats-|,,,,,Schiiler-,,,,,,,,,,,.
,,,,,,,,,,,,,,,,,,,,44:,;,,,,,Ad,,,,,,,,,,,
,,,,,,,,,,,,,,,,,,,,_insg,ang.|,,,,,|,,,,,,,,,,,
,,,,,,,,,,,,,,,,,,,,,1,,,,,,,,,,,,,,,,
,|,FSP1,ore,tora,Sar,po,-Lehrer-|,|,Schiller!,Ausl.-,,,,,,,,,,TKM,P|,,,,,|,,,|,fogs,,,,,,[jg,Schul
,,,,,,,,,,,,,,,,,,,,,|,,,,,,,,,,,,,,,,
,SBH_,|,pad-,kurzb.|,|,—__sinsg.,be,_zahl,,,,,,,,,,,,|,glled.,,,,,art,,,|,(TK),,,,,,Férd.,form
,,,,,,,,,,,,,,,,,,,,04,|,,,,,-,,,20/0,,,,,,,,z
,,,,,,,,,,,,,,,,,,,,,T,,,,,,,,,,,,,,,,
,,,,,,,,,,,,,,,,,,,,,|,,,,,,,,,,,,,,,,
,,,,,,,,,,,,,,,,,,,,,|,,,,,,,,,,,,,,,,
,,,,,,,,,,,,,,,,,,,,,i,,,,,,,,,,,,,,,,
,,,,,,,,,,,,,,,,,,,,,},,,,,,,,,,,,,,,,
,,,,,,,,,,,,,,,,,,,,,|,,,,,,,,,,,,,,,,
,,,,,,,,,,,,,,,,,,,,der,Herkunft,,,,,Betreuung,,,,,,,,,,,|
,,,,,,,,,,,,,,,,,,,,.,Schiler/Schillerinnen,,,,,|,,,|,,,,,,,,Schiiler/innen
,Staats-,Schiiler-,|,,,,,,,,,,,,,,,,,Schul-),Schul-,,,,,Art|,,,|,Art,,,,,,Teilnehmer,Schiilerzahl
,zusammen,_|_angeh.,zahl,,,,,,,,,,,,,,,,,|_,nummer,,,,,form,,,insg.,Ausl.,,,,,,___|,|
,,,,,,,,,,,,,,,,,,,,|,_131635/,,,,,11/2),,,0,20,,,,,,z{,20]
,,,,,,,,,,,,,,,,,,,,Wohnort,—,,,,,der,,,,,,,,,,,Schiller/Schiilerinnen
,,,,,,,,,,,,,,,,,,,,Wohnort,Postleitzahl,,,,,_,,,,,,,,,,,Schilerzahl
,,,,,,,,,,,,,,,,,,,,|,58513,,,,,Liidenscheid,,,cB,9,,,,,,,pci
,,,,,,,,,,,,,,,,,,,,|,58507,,,,,Liidenscheid,,,‘,11,,,,,,,=
,,,,,,,,,,,,,,,,,,,,aller,Altersstruktur,,,,,Schiller/Schilerinnen,,,,,,,,,,,
,,,,,,,,,,,,,,,,,,,,Geb.|,|,,,,,Staats-|,,,Schiiler-,,,,,,,,Schiller-|
,,,,,,,,,,,,,,,,,,,,ang.,|,,,,,,,,,,,,,,,,
,Jg,|,FSP1,|,FSP2,|,Intensivpad.,Lehrer-,|,Schiller),Ausi.-,,,,,,,,,TKM,|P,,,,,|,,,|,KI.-,,,,,,Org.-,Schul
,|,__|_,Férd.,SBH,kurzb.,|,insg.|,_zahl_,,,,,,,,,,,,glied.,|,,,,,art,,,form,_|,,,,,,(TK).,|
,Iz,1p,ol,,,,,,,,,,,,,,,,,|,(Boz,,,,,[RK,,,4,1B,,,,,,tT,4
,Iwi,ato},,,,,,,,,,,,,,,,,,A,a,,,,,Rl,,,a,ee,,,,,,a,|
,,,,,,,,,,,,,,,,,,,,9,Seite,,,,,,,,,,,,,,,,
,GG,Otfried-Preufler-Schule,131635,vom,31.08.2023,,,,,,,,,,,,,,,,"Lidenscheid,",,,,,,,,,,,,,,,,
,Herkunft,der,Betreuung,Ausland.,,,,,,,,,,,,,,,,,|,,,,,,,,,,,,,,,,
,|,Shiiler/innen,,,,,,,,,,,,,,,,,,,Schiler/Schilerinnen,,,,,,,,,,,,,,,,
,|,Schul-|,Art,|,Schilerzahl,|,Art,Teilnehmer,|,Staats-,|,Schiler-,,,,,,,,,Schul-,,,,,,,,,,,,,,,,
,nummer,|,form,insg.,Ausl.,_____|,zusammen,|,angeh.,zahl,,,,,,,,,,,|,,,,,,,,,,,,,,,,
,Gi],|,z|,1],"oo,",[4,,,,,,,,,,,,,,,131635,,,,,,,,,,,,,,,,
,wl,4,(0),es,,,,,,,,,,,,,,,,,|,,,,,,,,,,,,,,,,
,_____,Wohnort,der,Schiiler/Schilerinnen,,,,,,,,,,,,,,,,,—,,,,,,,,,,,,,,,,
,|,Wohnort,Schilerzahl,,,,,,,,,,,,,,,,,,_Postleitzahl,,,,,,,,,,,,,,,,
,|,Li,i,4,,,,,,,,,,,,,,,,,58511,,,,,,,,,,,,,,,,
,|,,,,,,,,,,,,,,,,,,,,___insg|__weibl.,,,,,,,,,,,,,,,,
,,,,,,,,,,,,,,,,,,,,,ala,,,,,,,,,,,,,,,,
,,,,,,,,,,,,,,,,,,,,,1,,,,,,,,,,,,,,,,
,TKM,|Schul,|KL-,|,Org.-,|,Jg,FSP1,|,FSP2,|,Intensivpad.,|,Ref.-,|,Lehrer-,Schiller),Ausl.-,,,|,,,,,,,,,,,,,,,,
,glied.,|,art,form,(|,(TK),|,|,Férd.SBH,|,pad-,|,kurzb.|,|,__,insg.,zahl,,,,—,,,,,,,,,,,,,,,,
,4___(|04,|,__|,=,z,4h,ot),,,,,,,,,,,,,,RK,,,,,,,,,,,,,,,,
,_,See,et,ee,ee,EWE,eed,0,,,,,,,,,,,,,|,,,,,,,,,,,,,,,,
,Ausland.,,,,,,,,,,,,,,,,,,,,Betreuung,,,,,,,,,,,,,,,,
,Schiler/Schilerinnen,oo,Schitler/innen,|,,,,,,,,,,,,,,,,,|,,,,,,,,,,,,,,,,
,Schul-,Schul-,|,Art,|,Schiilerzahl,|,Art,Teilnehmer,|,Staats-,Schiiler-,,,,,,,,,|,,,,,,,,,,,,,,,,
,nummer,|,form,|,|,insg.,Ausl.,zusammen,|,angeh.,_____zahl,|,,,,,,,,,|,,,,,,,,,,,,,,,,
,4,0,w,0,,,,,,,,,,,,,,,,,w,,,,,,,,,,,,,,,,
,Fusesaut',,,,,,,,,,,,,,,,,,,,~,,,,,,,,,,,,,,,,
,ris,,,,,,,,,,,,,,,,,,,,Y,,,,,,,,,,,,,,,,
,Staats-,,,,,,,,,,,,,,,,,,,,Geb.,,,,,,,,,,,,,,,,
,ang.,,,,,,,,,,,,,,,,,,,,Jahr,,,,,,,,,,,,,,,,
,166,,,,,,,,,,,,,,,,,,,,2014,,,,,,,,,,,,,,,,
,_,,,,,,,,,,,,,,,,,,,,2014,,,,,,,,,,,,,,,,
,=,,,,,,,,,,,,,,,,,,,,3:,,,,,,,,,,,,,,,,
,IS,,,,,,,,,,,,,,,,,,,,ys,,,,,,,,,,,,,,,,
,aller,Sdclers,208,,,,,,,,,,,,,,,,,,Guue,,,,,,,,,,,,,,,,
,10,,,,,,,,,,,,,,,,,,,,Seite,,,,,,,,,,,,,,,,
